PAYMENT_ID,EXT_PAYMENT_KEY,EXT_CUSTOMER_KEY,CUSTOMER_ID,PAYMENT_DATE,AMOUNT,CURRENCY,PAYMENT_METHOD,SOURCE_SYSTEM,INSERTED_AT,UPDATED_AT,INVOICE_ID
1,PAY0001,CUST045,45,2024-06-13,3994.58,USD,Cash,GatewaySys,2025-09-17T00:39:04.466Z,2025-09-17T00:39:04.466Z,
2,PAY0002,CUST025,25,2024-07-26,1331.40,USD,Card,GatewaySys,2025-09-17T00:39:04.466Z,2025-09-17T00:39:04.466Z,
3,PAY0003,CUST039,39,2024-06-18,3485.59,USD,Card,ERP,2025-09-17T00:39:04.466Z,2025-09-17T00:39:04.466Z,
4,PAY0004,CUST010,10,2024-09-10,124.80,USD,Cash,GatewaySys,2025-09-17T00:39:04.466Z,2025-09-17T00:39:04.466Z,
5,PAY0005,CUST045,45,2024-05-04,3322.30,USD,BankTransfer,GatewaySys,2025-09-17T00:39:04.466Z,2025-09-17T00:39:04.466Z,
6,PAY0006,CUST008,8,2024-04-27,1652.92,USD,BankTransfer,ERP,2025-09-17T00:39:04.466Z,2025-09-17T00:39:04.466Z,
7,PAY0007,CUST026,26,2024-03-20,1940.36,USD,BankTransfer,GatewaySys,2025-09-17T00:39:04.466Z,2025-09-17T00:39:04.466Z,
8,PAY0008,CUST033,33,2024-05-11,4687.16,USD,BankTransfer,GatewaySys,2025-09-17T00:39:04.466Z,2025-09-17T00:39:04.466Z,
9,PAY0009,CUST048,48,2024-03-29,2387.60,USD,BankTransfer,GatewaySys,2025-09-17T00:39:04.466Z,2025-09-17T00:39:04.466Z,
10,PAY0010,CUST030,30,2024-08-01,5195.51,USD,Cash,GatewaySys,2025-09-17T00:39:04.466Z,2025-09-17T00:39:04.466Z,
11,PAY0011,CUST003,3,2024-06-29,1465.37,USD,Card,ERP,2025-09-17T00:39:04.466Z,2025-09-17T00:39:04.466Z,
12,PAY0012,CUST024,24,2024-08-07,280.75,USD,Cash,ERP,2025-09-17T00:39:04.466Z,2025-09-17T00:39:04.466Z,
13,PAY0013,CUST049,49,2024-04-25,2725.30,USD,BankTransfer,GatewaySys,2025-09-17T00:39:04.466Z,2025-09-17T00:39:04.466Z,
14,PAY0014,CUST002,2,2024-05-15,3657.85,USD,Card,ERP,2025-09-17T00:39:04.466Z,2025-09-17T00:39:04.466Z,
15,PAY0015,CUST005,5,2024-06-15,2198.10,USD,BankTransfer,ERP,2025-09-17T00:39:04.466Z,2025-09-17T00:39:04.466Z,
16,PAY0016,CUST004,4,2024-08-14,2995.08,USD,Card,ERP,2025-09-17T00:39:04.466Z,2025-09-17T00:39:04.466Z,
17,PAY0017,CUST047,47,2024-07-31,4065.87,USD,BankTransfer,GatewaySys,2025-09-17T00:39:04.466Z,2025-09-17T00:39:04.466Z,
18,PAY0018,CUST011,11,2024-08-19,1495.72,USD,Cash,GatewaySys,2025-09-17T00:39:04.466Z,2025-09-17T00:39:04.466Z,
19,PAY0019,CUST006,6,2024-08-09,3245.96,USD,BankTransfer,GatewaySys,2025-09-17T00:39:04.466Z,2025-09-17T00:39:04.466Z,
20,PAY0020,CUST023,23,2024-03-16,1727.10,USD,BankTransfer,ERP,2025-09-17T00:39:04.466Z,2025-09-17T00:39:04.466Z,
21,PAY0021,CUST001,1,2024-03-08,1475.78,USD,Cash,GatewaySys,2025-09-17T00:39:04.466Z,2025-09-17T00:39:04.466Z,
22,PAY0022,CUST024,24,2024-02-04,1901.81,USD,BankTransfer,ERP,2025-09-17T00:39:04.466Z,2025-09-17T00:39:04.466Z,
23,PAY0023,CUST011,11,2024-08-30,4196.30,USD,Cash,GatewaySys,2025-09-17T00:39:04.466Z,2025-09-17T00:39:04.466Z,
24,PAY0024,CUST001,1,2024-05-25,3197.24,USD,Cash,GatewaySys,2025-09-17T00:39:04.466Z,2025-09-17T00:39:04.466Z,
25,PAY0025,CUST037,37,2024-07-14,1313.88,USD,Card,GatewaySys,2025-09-17T00:39:04.466Z,2025-09-17T00:39:04.466Z,
26,PAY0026,CUST019,19,2024-08-04,1333.73,USD,Cash,ERP,2025-09-17T00:39:04.466Z,2025-09-17T00:39:04.466Z,
27,PAY0027,CUST026,26,2024-03-06,1399.49,USD,Card,ERP,2025-09-17T00:39:04.466Z,2025-09-17T00:39:04.466Z,
28,PAY0028,CUST040,40,2024-06-02,2563.13,USD,BankTransfer,ERP,2025-09-17T00:39:04.466Z,2025-09-17T00:39:04.466Z,
29,PAY0029,CUST038,38,2024-03-15,1286.07,USD,Card,GatewaySys,2025-09-17T00:39:04.466Z,2025-09-17T00:39:04.466Z,
30,PAY0030,CUST015,15,2024-04-19,299.80,USD,BankTransfer,ERP,2025-09-17T00:39:04.466Z,2025-09-17T00:39:04.466Z,
31,PAY0031,CUST040,40,2024-08-01,5179.86,USD,Cash,ERP,2025-09-17T00:39:04.466Z,2025-09-17T00:39:04.466Z,
32,PAY0032,CUST006,6,2024-06-02,1682.49,USD,Cash,ERP,2025-09-17T00:39:04.466Z,2025-09-17T00:39:04.466Z,
33,PAY0033,CUST042,42,2024-02-15,4836.61,USD,Cash,ERP,2025-09-17T00:39:04.466Z,2025-09-17T00:39:04.466Z,
34,PAY0034,CUST029,29,2024-02-13,1140.90,USD,Card,GatewaySys,2025-09-17T00:39:04.466Z,2025-09-17T00:39:04.466Z,
35,PAY0035,CUST027,27,2024-07-26,3097.43,USD,BankTransfer,GatewaySys,2025-09-17T00:39:04.466Z,2025-09-17T00:39:04.466Z,
36,PAY0036,CUST010,10,2024-08-31,62.67,USD,Card,ERP,2025-09-17T00:39:04.466Z,2025-09-17T00:39:04.466Z,
37,PAY0037,CUST038,38,2024-03-27,1286.07,USD,Card,GatewaySys,2025-09-17T00:39:04.466Z,2025-09-17T00:39:04.466Z,
38,PAY0038,CUST047,47,2024-03-30,2820.48,USD,Card,GatewaySys,2025-09-17T00:39:04.466Z,2025-09-17T00:39:04.466Z,
39,PAY0039,CUST047,47,2024-06-06,4496.36,USD,Cash,GatewaySys,2025-09-17T00:39:04.466Z,2025-09-17T00:39:04.466Z,
40,PAY0040,CUST036,36,2024-06-07,887.96,USD,Cash,GatewaySys,2025-09-17T00:39:04.466Z,2025-09-17T00:39:04.466Z,
41,PAY0041,CUST020,20,2024-08-24,178.64,USD,BankTransfer,ERP,2025-09-17T00:39:04.466Z,2025-09-17T00:39:04.466Z,
42,PAY0042,CUST040,40,2024-06-11,2563.13,USD,Cash,GatewaySys,2025-09-17T00:39:04.466Z,2025-09-17T00:39:04.466Z,
43,PAY0043,CUST026,26,2024-03-07,1578.69,USD,BankTransfer,ERP,2025-09-17T00:39:04.466Z,2025-09-17T00:39:04.466Z,
44,PAY0044,CUST025,25,2024-08-08,2103.87,USD,Card,ERP,2025-09-17T00:39:04.466Z,2025-09-17T00:39:04.466Z,
45,PAY0045,CUST037,37,2024-03-31,283.01,USD,Card,ERP,2025-09-17T00:39:04.466Z,2025-09-17T00:39:04.466Z,
46,PAY0046,CUST029,29,2024-03-08,6531.19,USD,Cash,GatewaySys,2025-09-17T00:39:04.466Z,2025-09-17T00:39:04.466Z,
47,PAY0047,CUST001,1,2024-01-29,4574.88,USD,BankTransfer,GatewaySys,2025-09-17T00:39:04.466Z,2025-09-17T00:39:04.466Z,
48,PAY0048,CUST001,1,2024-03-16,1475.78,USD,Cash,GatewaySys,2025-09-17T00:39:04.466Z,2025-09-17T00:39:04.466Z,
49,PAY0049,CUST009,9,2024-04-22,1056.69,USD,Card,GatewaySys,2025-09-17T00:39:04.466Z,2025-09-17T00:39:04.466Z,
50,PAY0050,CUST025,25,2024-03-17,4454.90,USD,Cash,ERP,2025-09-17T00:39:04.466Z,2025-09-17T00:39:04.466Z,
51,PAY0051,CUST027,27,2024-03-01,2791.21,USD,Cash,GatewaySys,2025-09-17T00:39:04.466Z,2025-09-17T00:39:04.466Z,
52,PAY0052,CUST044,44,2024-04-18,3198.30,USD,Card,GatewaySys,2025-09-17T00:39:04.466Z,2025-09-17T00:39:04.466Z,
53,PAY0053,CUST043,43,2024-04-22,3544.79,USD,BankTransfer,ERP,2025-09-17T00:39:04.466Z,2025-09-17T00:39:04.466Z,
54,PAY0054,CUST050,50,2024-07-21,3657.18,USD,Card,GatewaySys,2025-09-17T00:39:04.466Z,2025-09-17T00:39:04.466Z,
55,PAY0055,CUST017,17,2024-04-13,1761.25,USD,Card,GatewaySys,2025-09-17T00:39:04.466Z,2025-09-17T00:39:04.466Z,
56,PAY0056,CUST020,20,2024-05-04,3333.92,USD,BankTransfer,ERP,2025-09-17T00:39:04.466Z,2025-09-17T00:39:04.466Z,
57,PAY0057,CUST040,40,2024-08-05,4495.84,USD,Card,ERP,2025-09-17T00:39:04.466Z,2025-09-17T00:39:04.466Z,
58,PAY0058,CUST023,23,2024-06-21,2536.52,USD,Cash,ERP,2025-09-17T00:39:04.466Z,2025-09-17T00:39:04.466Z,
59,PAY0059,CUST032,32,2024-02-11,353.24,USD,Card,GatewaySys,2025-09-17T00:39:04.466Z,2025-09-17T00:39:04.466Z,
60,PAY0060,CUST029,29,2024-02-17,1887.68,USD,Card,ERP,2025-09-17T00:39:04.466Z,2025-09-17T00:39:04.466Z,
61,PAY0061,CUST047,47,2024-03-31,2995.38,USD,Card,ERP,2025-09-17T00:39:04.466Z,2025-09-17T00:39:04.466Z,
62,PAY0062,CUST030,30,2024-04-16,4816.98,USD,Cash,ERP,2025-09-17T00:39:04.466Z,2025-09-17T00:39:04.466Z,
63,PAY0063,CUST001,1,2024-03-06,1475.78,USD,BankTransfer,ERP,2025-09-17T00:39:04.466Z,2025-09-17T00:39:04.466Z,
64,PAY0064,CUST019,19,2024-08-05,1333.73,USD,BankTransfer,ERP,2025-09-17T00:39:04.466Z,2025-09-17T00:39:04.466Z,
65,PAY0065,CUST033,33,2024-05-02,4687.16,USD,Card,ERP,2025-09-17T00:39:04.466Z,2025-09-17T00:39:04.466Z,
66,PAY0066,CUST001,1,2024-01-30,1326.19,USD,Cash,GatewaySys,2025-09-17T00:39:04.466Z,2025-09-17T00:39:04.466Z,
67,PAY0067,CUST008,8,2024-07-12,556.20,USD,Cash,ERP,2025-09-17T00:39:04.466Z,2025-09-17T00:39:04.466Z,
68,PAY0068,CUST034,34,2024-06-19,2828.33,USD,BankTransfer,ERP,2025-09-17T00:39:04.466Z,2025-09-17T00:39:04.466Z,
69,PAY0069,CUST046,46,2024-05-15,4168.08,USD,Card,ERP,2025-09-17T00:39:04.466Z,2025-09-17T00:39:04.466Z,
70,PAY0070,CUST021,21,2024-08-29,4324.32,USD,BankTransfer,GatewaySys,2025-09-17T00:39:04.466Z,2025-09-17T00:39:04.466Z,
71,PAY0071,CUST010,10,2024-08-22,124.80,USD,Cash,GatewaySys,2025-09-17T00:39:04.466Z,2025-09-17T00:39:04.466Z,
72,PAY0072,CUST023,23,2024-08-05,4130.74,USD,Card,GatewaySys,2025-09-17T00:39:04.466Z,2025-09-17T00:39:04.466Z,
73,PAY0073,CUST036,36,2024-04-06,3152.16,USD,Card,GatewaySys,2025-09-17T00:39:04.466Z,2025-09-17T00:39:04.466Z,
74,PAY0074,CUST005,5,2024-06-11,2198.10,USD,Cash,ERP,2025-09-17T00:39:04.466Z,2025-09-17T00:39:04.466Z,
75,PAY0075,CUST002,2,2024-01-29,1273.85,USD,Card,GatewaySys,2025-09-17T00:39:04.466Z,2025-09-17T00:39:04.466Z,
76,PAY0076,CUST038,38,2024-03-23,1286.07,USD,BankTransfer,GatewaySys,2025-09-17T00:39:04.466Z,2025-09-17T00:39:04.466Z,
77,PAY0077,CUST034,34,2024-06-19,2828.33,USD,Cash,ERP,2025-09-17T00:39:04.466Z,2025-09-17T00:39:04.466Z,
78,PAY0078,CUST022,22,2024-02-13,4399.13,USD,BankTransfer,ERP,2025-09-17T00:39:04.466Z,2025-09-17T00:39:04.466Z,
79,PAY0079,CUST046,46,2024-05-05,2408.22,USD,Card,ERP,2025-09-17T00:39:04.466Z,2025-09-17T00:39:04.466Z,
80,PAY0080,CUST017,17,2024-03-23,1761.25,USD,Card,ERP,2025-09-17T00:39:04.466Z,2025-09-17T00:39:04.466Z,
81,PAY0081,CUST002,2,2024-01-27,3134.12,USD,BankTransfer,ERP,2025-09-17T00:39:04.466Z,2025-09-17T00:39:04.466Z,
82,PAY0082,CUST043,43,2024-04-08,2954.78,USD,BankTransfer,ERP,2025-09-17T00:39:04.466Z,2025-09-17T00:39:04.466Z,
83,PAY0083,CUST029,29,2024-03-14,4471.03,USD,Card,GatewaySys,2025-09-17T00:39:04.466Z,2025-09-17T00:39:04.466Z,
84,PAY0084,CUST006,6,2024-08-18,3057.16,USD,Card,ERP,2025-09-17T00:39:04.466Z,2025-09-17T00:39:04.466Z,
85,PAY0085,CUST036,36,2024-04-03,3152.16,USD,Card,GatewaySys,2025-09-17T00:39:04.466Z,2025-09-17T00:39:04.466Z,
86,PAY0086,CUST025,25,2024-08-14,3040.20,USD,BankTransfer,ERP,2025-09-17T00:39:04.466Z,2025-09-17T00:39:04.466Z,
87,PAY0087,CUST021,21,2024-08-21,3831.94,USD,BankTransfer,GatewaySys,2025-09-17T00:39:04.466Z,2025-09-17T00:39:04.466Z,
88,PAY0088,CUST040,40,2024-07-18,2294.57,USD,Card,GatewaySys,2025-09-17T00:39:04.466Z,2025-09-17T00:39:04.466Z,
89,PAY0089,CUST010,10,2024-08-28,78.31,USD,Card,GatewaySys,2025-09-17T00:39:04.466Z,2025-09-17T00:39:04.466Z,
90,PAY0090,CUST026,26,2024-03-02,4398.96,USD,BankTransfer,ERP,2025-09-17T00:39:04.466Z,2025-09-17T00:39:04.466Z,
91,PAY0091,CUST002,2,2024-05-19,3657.85,USD,Cash,GatewaySys,2025-09-17T00:39:04.466Z,2025-09-17T00:39:04.466Z,
92,PAY0092,CUST036,36,2024-04-24,3152.16,USD,Card,GatewaySys,2025-09-17T00:39:04.466Z,2025-09-17T00:39:04.466Z,
93,PAY0093,CUST040,40,2024-07-28,5755.20,USD,Cash,ERP,2025-09-17T00:39:04.466Z,2025-09-17T00:39:04.466Z,
94,PAY0094,CUST035,35,2024-02-28,4512.05,USD,BankTransfer,ERP,2025-09-17T00:39:04.466Z,2025-09-17T00:39:04.466Z,
95,PAY0095,CUST005,5,2024-06-14,2198.10,USD,Card,ERP,2025-09-17T00:39:04.466Z,2025-09-17T00:39:04.466Z,
96,PAY0096,CUST036,36,2024-08-06,1811.13,USD,Cash,GatewaySys,2025-09-17T00:39:04.466Z,2025-09-17T00:39:04.466Z,
97,PAY0097,CUST045,45,2023-12-30,2629.87,USD,BankTransfer,GatewaySys,2025-09-17T00:39:04.466Z,2025-09-17T00:39:04.466Z,
98,PAY0098,CUST009,9,2024-07-16,6596.80,USD,Cash,ERP,2025-09-17T00:39:04.466Z,2025-09-17T00:39:04.466Z,
99,PAY0099,CUST042,42,2024-05-13,560.51,USD,Cash,ERP,2025-09-17T00:39:04.466Z,2025-09-17T00:39:04.466Z,
100,PAY0100,CUST038,38,2024-04-04,1286.07,USD,BankTransfer,ERP,2025-09-17T00:39:04.466Z,2025-09-17T00:39:04.466Z,
101,PAY0101,CUST019,19,2024-08-13,1830.10,USD,Card,ERP,2025-09-17T00:39:04.466Z,2025-09-17T00:39:04.466Z,
102,PAY0102,CUST049,49,2024-09-02,2758.96,USD,Card,ERP,2025-09-17T00:39:04.466Z,2025-09-17T00:39:04.466Z,
103,PAY0103,CUST049,49,2024-08-26,2758.96,USD,BankTransfer,ERP,2025-09-17T00:39:04.466Z,2025-09-17T00:39:04.466Z,
104,PAY0104,CUST024,24,2024-02-24,1901.81,USD,BankTransfer,ERP,2025-09-17T00:39:04.466Z,2025-09-17T00:39:04.466Z,
105,PAY0105,CUST025,25,2024-07-25,1742.56,USD,BankTransfer,GatewaySys,2025-09-17T00:39:04.466Z,2025-09-17T00:39:04.466Z,
106,PAY0106,CUST045,45,2024-05-03,3322.30,USD,Cash,GatewaySys,2025-09-17T00:39:04.466Z,2025-09-17T00:39:04.466Z,
107,PAY0107,CUST023,23,2024-03-19,2893.30,USD,BankTransfer,GatewaySys,2025-09-17T00:39:04.466Z,2025-09-17T00:39:04.466Z,
108,PAY0108,CUST014,14,2024-05-22,1262.52,USD,Cash,GatewaySys,2025-09-17T00:39:04.466Z,2025-09-17T00:39:04.466Z,
109,PAY0109,CUST018,18,2024-01-17,1995.00,USD,Cash,GatewaySys,2025-09-17T00:39:04.466Z,2025-09-17T00:39:04.466Z,
110,PAY0110,CUST018,18,2024-01-22,2933.45,USD,Cash,GatewaySys,2025-09-17T00:39:04.466Z,2025-09-17T00:39:04.466Z,
111,PAY0111,CUST014,14,2024-02-16,4011.65,USD,Cash,GatewaySys,2025-09-17T00:39:04.466Z,2025-09-17T00:39:04.466Z,
112,PAY0112,CUST043,43,2024-04-15,3887.11,USD,BankTransfer,GatewaySys,2025-09-17T00:39:04.466Z,2025-09-17T00:39:04.466Z,
113,PAY0113,CUST023,23,2024-04-19,1694.46,USD,Card,ERP,2025-09-17T00:39:04.466Z,2025-09-17T00:39:04.466Z,
114,PAY0114,CUST029,29,2024-02-23,1157.52,USD,BankTransfer,GatewaySys,2025-09-17T00:39:04.466Z,2025-09-17T00:39:04.466Z,
115,PAY0115,CUST016,16,2024-06-17,5963.56,USD,BankTransfer,ERP,2025-09-17T00:39:04.466Z,2025-09-17T00:39:04.466Z,
116,PAY0116,CUST002,2,2024-02-01,1273.85,USD,Cash,GatewaySys,2025-09-17T00:39:04.466Z,2025-09-17T00:39:04.466Z,
117,PAY0117,CUST013,13,2024-08-26,3601.52,USD,Cash,GatewaySys,2025-09-17T00:39:04.466Z,2025-09-17T00:39:04.466Z,
118,PAY0118,CUST039,39,2024-06-29,3485.59,USD,Card,ERP,2025-09-17T00:39:04.466Z,2025-09-17T00:39:04.466Z,
119,PAY0119,CUST044,44,2024-03-13,3420.07,USD,Cash,GatewaySys,2025-09-17T00:39:04.466Z,2025-09-17T00:39:04.466Z,
120,PAY0120,CUST014,14,2024-03-03,1649.54,USD,Card,GatewaySys,2025-09-17T00:39:04.466Z,2025-09-17T00:39:04.466Z,
121,PAY0121,CUST048,48,2024-06-01,3510.55,USD,Card,ERP,2025-09-17T00:39:04.466Z,2025-09-17T00:39:04.466Z,
122,PAY0122,CUST015,15,2024-08-13,4461.03,USD,Card,GatewaySys,2025-09-17T00:39:04.466Z,2025-09-17T00:39:04.466Z,
123,PAY0123,CUST037,37,2024-07-20,1313.88,USD,Cash,ERP,2025-09-17T00:39:04.466Z,2025-09-17T00:39:04.466Z,
124,PAY0124,CUST024,24,2024-02-24,1901.81,USD,Cash,ERP,2025-09-17T00:39:04.466Z,2025-09-17T00:39:04.466Z,
125,PAY0125,CUST020,20,2024-09-04,224.22,USD,Cash,ERP,2025-09-17T00:39:04.466Z,2025-09-17T00:39:04.466Z,
126,PAY0126,CUST045,45,2024-05-24,722.60,USD,BankTransfer,GatewaySys,2025-09-17T00:39:04.466Z,2025-09-17T00:39:04.466Z,
127,PAY0127,CUST049,49,2024-05-06,2508.49,USD,Cash,ERP,2025-09-17T00:39:04.466Z,2025-09-17T00:39:04.466Z,
128,PAY0128,CUST006,6,2024-06-05,1682.49,USD,BankTransfer,GatewaySys,2025-09-17T00:39:04.466Z,2025-09-17T00:39:04.466Z,
129,PAY0129,CUST023,23,2024-04-18,1694.46,USD,BankTransfer,GatewaySys,2025-09-17T00:39:04.466Z,2025-09-17T00:39:04.466Z,
130,PAY0130,CUST042,42,2024-07-13,3813.45,USD,Cash,ERP,2025-09-17T00:39:04.466Z,2025-09-17T00:39:04.466Z,
131,PAY0131,CUST035,35,2024-08-12,1913.78,USD,Card,GatewaySys,2025-09-17T00:39:04.466Z,2025-09-17T00:39:04.466Z,
132,PAY0132,CUST004,4,2024-08-10,891.98,USD,Cash,GatewaySys,2025-09-17T00:39:04.466Z,2025-09-17T00:39:04.466Z,
133,PAY0133,CUST003,3,2024-06-28,181.28,USD,Cash,GatewaySys,2025-09-17T00:39:04.466Z,2025-09-17T00:39:04.466Z,
134,PAY0134,CUST034,34,2024-03-07,3351.16,USD,BankTransfer,GatewaySys,2025-09-17T00:39:04.466Z,2025-09-17T00:39:04.466Z,
135,PAY0135,CUST015,15,2024-06-18,2658.99,USD,Cash,ERP,2025-09-17T00:39:04.466Z,2025-09-17T00:39:04.466Z,
136,PAY0136,CUST008,8,2024-05-07,2816.33,USD,Card,ERP,2025-09-17T00:39:04.466Z,2025-09-17T00:39:04.466Z,
137,PAY0137,CUST005,5,2024-03-23,2605.58,USD,Card,ERP,2025-09-17T00:39:04.466Z,2025-09-17T00:39:04.466Z,
138,PAY0138,CUST040,40,2024-09-01,3757.81,USD,Cash,ERP,2025-09-17T00:39:04.466Z,2025-09-17T00:39:04.466Z,
139,PAY0139,CUST003,3,2024-06-29,1465.37,USD,Cash,GatewaySys,2025-09-17T00:39:04.466Z,2025-09-17T00:39:04.466Z,
140,PAY0140,CUST045,45,2024-01-06,2629.87,USD,Card,GatewaySys,2025-09-17T00:39:04.466Z,2025-09-17T00:39:04.466Z,
141,PAY0141,CUST048,48,2024-05-20,3510.55,USD,Card,GatewaySys,2025-09-17T00:39:04.466Z,2025-09-17T00:39:04.466Z,
142,PAY0142,CUST045,45,2024-05-11,722.60,USD,Cash,GatewaySys,2025-09-17T00:39:04.466Z,2025-09-17T00:39:04.466Z,
143,PAY0143,CUST038,38,2024-03-28,957.92,USD,Cash,GatewaySys,2025-09-17T00:39:04.466Z,2025-09-17T00:39:04.466Z,
144,PAY0144,CUST043,43,2024-02-20,3872.97,USD,BankTransfer,GatewaySys,2025-09-17T00:39:04.466Z,2025-09-17T00:39:04.466Z,
145,PAY0145,CUST031,31,2024-07-20,3490.29,USD,Cash,ERP,2025-09-17T00:39:04.466Z,2025-09-17T00:39:04.466Z,
146,PAY0146,CUST010,10,2024-09-10,124.80,USD,Cash,GatewaySys,2025-09-17T00:39:04.466Z,2025-09-17T00:39:04.466Z,
147,PAY0147,CUST030,30,2024-06-22,249.45,USD,BankTransfer,ERP,2025-09-17T00:39:04.466Z,2025-09-17T00:39:04.466Z,
148,PAY0148,CUST002,2,2024-03-01,3921.39,USD,Card,ERP,2025-09-17T00:39:04.466Z,2025-09-17T00:39:04.466Z,
149,PAY0149,CUST027,27,2023-12-30,3539.64,USD,Cash,ERP,2025-09-17T00:39:04.466Z,2025-09-17T00:39:04.466Z,
150,PAY0150,CUST024,24,2024-08-09,280.75,USD,Card,ERP,2025-09-17T00:39:04.466Z,2025-09-17T00:39:04.466Z,
151,PAY0151,CUST034,34,2024-06-06,2828.33,USD,Cash,ERP,2025-09-17T00:39:04.466Z,2025-09-17T00:39:04.466Z,
152,PAY0152,CUST037,37,2024-03-23,3804.21,USD,Cash,ERP,2025-09-17T00:39:04.466Z,2025-09-17T00:39:04.466Z,
153,PAY0153,CUST017,17,2024-04-08,1761.25,USD,BankTransfer,GatewaySys,2025-09-17T00:39:04.466Z,2025-09-17T00:39:04.466Z,
154,PAY0154,CUST010,10,2024-08-22,124.80,USD,BankTransfer,GatewaySys,2025-09-17T00:39:04.466Z,2025-09-17T00:39:04.466Z,
155,PAY0155,CUST022,22,2024-01-30,4550.50,USD,BankTransfer,ERP,2025-09-17T00:39:04.466Z,2025-09-17T00:39:04.466Z,
156,PAY0156,CUST047,47,2024-03-25,2820.48,USD,Card,ERP,2025-09-17T00:39:04.466Z,2025-09-17T00:39:04.466Z,
157,PAY0157,CUST007,7,2024-06-13,1986.98,USD,Cash,GatewaySys,2025-09-17T00:39:04.466Z,2025-09-17T00:39:04.466Z,
158,PAY0158,CUST032,32,2024-02-11,1504.05,USD,BankTransfer,GatewaySys,2025-09-17T00:39:04.466Z,2025-09-17T00:39:04.466Z,
159,PAY0159,CUST026,26,2024-03-19,1399.49,USD,Card,GatewaySys,2025-09-17T00:39:04.466Z,2025-09-17T00:39:04.466Z,
160,PAY0160,CUST013,13,2024-07-17,518.20,USD,Cash,GatewaySys,2025-09-17T00:39:04.466Z,2025-09-17T00:39:04.466Z,
161,PAY0161,CUST029,29,2024-02-22,1157.52,USD,BankTransfer,GatewaySys,2025-09-17T00:39:04.466Z,2025-09-17T00:39:04.466Z,
162,PAY0162,CUST014,14,2024-06-29,3202.20,USD,BankTransfer,ERP,2025-09-17T00:39:04.466Z,2025-09-17T00:39:04.466Z,
163,PAY0163,CUST028,28,2024-08-30,3223.41,USD,Card,GatewaySys,2025-09-17T00:39:04.466Z,2025-09-17T00:39:04.466Z,
164,PAY0164,CUST003,3,2024-02-04,1471.68,USD,BankTransfer,GatewaySys,2025-09-17T00:39:04.466Z,2025-09-17T00:39:04.466Z,
165,PAY0165,CUST034,34,2024-06-06,2828.33,USD,Cash,ERP,2025-09-17T00:39:04.466Z,2025-09-17T00:39:04.466Z,
166,PAY0166,CUST049,49,2024-08-21,2758.96,USD,BankTransfer,GatewaySys,2025-09-17T00:39:04.466Z,2025-09-17T00:39:04.466Z,
167,PAY0167,CUST044,44,2024-02-07,170.53,USD,Cash,GatewaySys,2025-09-17T00:39:04.466Z,2025-09-17T00:39:04.466Z,
168,PAY0168,CUST029,29,2024-03-16,4471.03,USD,BankTransfer,GatewaySys,2025-09-17T00:39:04.466Z,2025-09-17T00:39:04.466Z,
169,PAY0169,CUST020,20,2024-04-28,3333.92,USD,Cash,GatewaySys,2025-09-17T00:39:04.466Z,2025-09-17T00:39:04.466Z,
170,PAY0170,CUST030,30,2024-04-22,3522.47,USD,Card,ERP,2025-09-17T00:39:04.466Z,2025-09-17T00:39:04.466Z,
171,PAY0171,CUST044,44,2024-07-04,561.46,USD,Card,GatewaySys,2025-09-17T00:39:04.466Z,2025-09-17T00:39:04.466Z,
172,PAY0172,CUST002,2,2024-02-05,3393.46,USD,Card,ERP,2025-09-17T00:39:04.466Z,2025-09-17T00:39:04.466Z,
173,PAY0173,CUST030,30,2024-07-15,4929.69,USD,Cash,GatewaySys,2025-09-17T00:39:04.466Z,2025-09-17T00:39:04.466Z,
174,PAY0174,CUST038,38,2024-03-26,1286.07,USD,Cash,GatewaySys,2025-09-17T00:39:04.466Z,2025-09-17T00:39:04.466Z,
175,PAY0175,CUST025,25,2024-07-25,1295.55,USD,Cash,ERP,2025-09-17T00:39:04.466Z,2025-09-17T00:39:04.466Z,
176,PAY0176,CUST024,24,2024-03-31,3640.02,USD,BankTransfer,ERP,2025-09-17T00:39:04.466Z,2025-09-17T00:39:04.466Z,
177,PAY0177,CUST028,28,2024-05-21,1427.08,USD,Card,ERP,2025-09-17T00:39:04.466Z,2025-09-17T00:39:04.466Z,
178,PAY0178,CUST033,33,2024-04-27,4687.16,USD,Card,GatewaySys,2025-09-17T00:39:04.466Z,2025-09-17T00:39:04.466Z,
179,PAY0179,CUST026,26,2024-03-10,4398.96,USD,BankTransfer,ERP,2025-09-17T00:39:04.466Z,2025-09-17T00:39:04.466Z,
180,PAY0180,CUST050,50,2024-07-26,3657.18,USD,BankTransfer,ERP,2025-09-17T00:39:04.466Z,2025-09-17T00:39:04.466Z,
451,SIM-PMT-R1-1,CUST039,39,2025-09-17,4720.26,USD,Bank Transfer,SystemX,2025-09-17T19:19:26.353Z,2025-09-17T19:19:26.353Z,1
452,SIM-PMT-R1-2,CUST029,29,2025-09-17,1683.69,USD,Bank Transfer,SystemX,2025-09-17T19:19:26.353Z,2025-09-17T19:19:26.353Z,2
453,SIM-PMT-R1-3,CUST015,15,2025-09-17,2642.07,USD,Bank Transfer,SystemX,2025-09-17T19:19:26.353Z,2025-09-17T19:19:26.353Z,3
454,SIM-PMT-R1-4,CUST043,43,2025-09-17,3544.79,USD,Bank Transfer,SystemX,2025-09-17T19:19:26.353Z,2025-09-17T19:19:26.353Z,4
455,SIM-PMT-R1-5,CUST008,8,2025-09-17,1881.79,USD,Bank Transfer,SystemX,2025-09-17T19:19:26.353Z,2025-09-17T19:19:26.353Z,5
456,SIM-PMT-R1-6,CUST021,21,2025-09-17,4861.73,USD,Bank Transfer,SystemX,2025-09-17T19:19:26.353Z,2025-09-17T19:19:26.353Z,6
457,SIM-PMT-R1-7,CUST039,39,2025-09-17,4815.99,USD,Bank Transfer,SystemX,2025-09-17T19:19:26.353Z,2025-09-17T19:19:26.353Z,7
458,SIM-PMT-R1-8,CUST019,19,2025-09-17,1333.73,USD,Bank Transfer,SystemX,2025-09-17T19:19:26.353Z,2025-09-17T19:19:26.353Z,8
459,SIM-PMT-R1-9,CUST023,23,2025-09-17,2536.52,USD,Bank Transfer,SystemX,2025-09-17T19:19:26.353Z,2025-09-17T19:19:26.353Z,9
460,SIM-PMT-R1-10,CUST011,11,2025-09-17,1574.30,USD,Bank Transfer,SystemX,2025-09-17T19:19:26.353Z,2025-09-17T19:19:26.353Z,10
1201,SIM-PMT-R2-1,CUST039,39,2025-09-17,4720.26,USD,UPI,SystemX,2025-09-17T19:19:39.316Z,2025-09-17T19:19:39.316Z,1
1202,SIM-PMT-R2-2,CUST029,29,2025-09-17,1683.69,USD,UPI,SystemX,2025-09-17T19:19:39.316Z,2025-09-17T19:19:39.316Z,2
1203,SIM-PMT-R2-3,CUST015,15,2025-09-17,2642.07,USD,UPI,SystemX,2025-09-17T19:19:39.316Z,2025-09-17T19:19:39.316Z,3
1204,SIM-PMT-R2-4,CUST043,43,2025-09-17,3544.79,USD,UPI,SystemX,2025-09-17T19:19:39.316Z,2025-09-17T19:19:39.316Z,4
1205,SIM-PMT-R2-5,CUST008,8,2025-09-17,1881.79,USD,UPI,SystemX,2025-09-17T19:19:39.316Z,2025-09-17T19:19:39.316Z,5
1206,SIM-PMT-R2-6,CUST021,21,2025-09-17,4861.73,USD,UPI,SystemX,2025-09-17T19:19:39.316Z,2025-09-17T19:19:39.316Z,6
1207,SIM-PMT-R2-7,CUST039,39,2025-09-17,4815.99,USD,UPI,SystemX,2025-09-17T19:19:39.316Z,2025-09-17T19:19:39.316Z,7
1208,SIM-PMT-R2-8,CUST019,19,2025-09-17,1333.73,USD,UPI,SystemX,2025-09-17T19:19:39.316Z,2025-09-17T19:19:39.316Z,8
1209,SIM-PMT-R2-9,CUST023,23,2025-09-17,2536.52,USD,UPI,SystemX,2025-09-17T19:19:39.316Z,2025-09-17T19:19:39.316Z,9
1210,SIM-PMT-R2-10,CUST011,11,2025-09-17,1574.30,USD,UPI,SystemX,2025-09-17T19:19:39.316Z,2025-09-17T19:19:39.316Z,10
1211,SIM-PMT-R2-11,CUST011,11,2025-09-17,1495.72,USD,UPI,SystemX,2025-09-17T19:19:39.316Z,2025-09-17T19:19:39.316Z,11
1212,SIM-PMT-R2-12,CUST024,24,2025-09-17,280.75,USD,UPI,SystemX,2025-09-17T19:19:39.316Z,2025-09-17T19:19:39.316Z,12
1213,SIM-PMT-R2-13,CUST036,36,2025-09-17,3086.87,USD,UPI,SystemX,2025-09-17T19:19:39.316Z,2025-09-17T19:19:39.316Z,13
1214,SIM-PMT-R2-14,CUST040,40,2025-09-17,2563.13,USD,UPI,SystemX,2025-09-17T19:19:39.316Z,2025-09-17T19:19:39.316Z,14
1215,SIM-PMT-R2-15,CUST024,24,2025-09-17,352.25,USD,UPI,SystemX,2025-09-17T19:19:39.316Z,2025-09-17T19:19:39.316Z,15
1216,SIM-PMT-R2-16,CUST003,3,2025-09-17,1465.37,USD,UPI,SystemX,2025-09-17T19:19:39.316Z,2025-09-17T19:19:39.316Z,16
1217,SIM-PMT-R2-17,CUST022,22,2025-09-17,4550.50,USD,UPI,SystemX,2025-09-17T19:19:39.316Z,2025-09-17T19:19:39.316Z,17
1218,SIM-PMT-R2-18,CUST002,2,2025-09-17,1273.85,USD,UPI,SystemX,2025-09-17T19:19:39.316Z,2025-09-17T19:19:39.316Z,18
1219,SIM-PMT-R2-19,CUST024,24,2025-09-17,809.98,USD,UPI,SystemX,2025-09-17T19:19:39.316Z,2025-09-17T19:19:39.316Z,19
1220,SIM-PMT-R2-20,CUST044,44,2025-09-17,2498.32,USD,UPI,SystemX,2025-09-17T19:19:39.316Z,2025-09-17T19:19:39.316Z,20
1221,SIM-PMT-R2-21,CUST030,30,2025-09-17,4929.69,USD,UPI,SystemX,2025-09-17T19:19:39.316Z,2025-09-17T19:19:39.316Z,21
1222,SIM-PMT-R2-22,CUST038,38,2025-09-17,1286.07,USD,UPI,SystemX,2025-09-17T19:19:39.316Z,2025-09-17T19:19:39.316Z,22
1223,SIM-PMT-R2-23,CUST002,2,2025-09-17,3393.46,USD,UPI,SystemX,2025-09-17T19:19:39.316Z,2025-09-17T19:19:39.316Z,23
1224,SIM-PMT-R2-24,CUST021,21,2025-09-17,3831.94,USD,UPI,SystemX,2025-09-17T19:19:39.316Z,2025-09-17T19:19:39.316Z,24
1225,SIM-PMT-R2-25,CUST033,33,2025-09-17,1264.42,USD,UPI,SystemX,2025-09-17T19:19:39.316Z,2025-09-17T19:19:39.316Z,25
1226,SIM-PMT-R2-26,CUST012,12,2025-09-17,3668.26,USD,UPI,SystemX,2025-09-17T19:19:39.316Z,2025-09-17T19:19:39.316Z,26
1227,SIM-PMT-R2-27,CUST022,22,2025-09-17,1902.14,USD,UPI,SystemX,2025-09-17T19:19:39.316Z,2025-09-17T19:19:39.316Z,27
1228,SIM-PMT-R2-28,CUST044,44,2025-09-17,3198.30,USD,UPI,SystemX,2025-09-17T19:19:39.316Z,2025-09-17T19:19:39.316Z,28
1229,SIM-PMT-R2-29,CUST025,25,2025-09-17,3204.30,USD,UPI,SystemX,2025-09-17T19:19:39.316Z,2025-09-17T19:19:39.316Z,29
1230,SIM-PMT-R2-30,CUST049,49,2025-09-17,2725.30,USD,UPI,SystemX,2025-09-17T19:19:39.316Z,2025-09-17T19:19:39.316Z,30
1231,SIM-PMT-R2-31,CUST027,27,2025-09-17,542.42,USD,UPI,SystemX,2025-09-17T19:19:39.316Z,2025-09-17T19:19:39.316Z,31
1232,SIM-PMT-R2-32,CUST042,42,2025-09-17,4192.98,USD,UPI,SystemX,2025-09-17T19:19:39.316Z,2025-09-17T19:19:39.316Z,32
1233,SIM-PMT-R2-33,CUST028,28,2025-09-17,1671.82,USD,UPI,SystemX,2025-09-17T19:19:39.316Z,2025-09-17T19:19:39.316Z,33
1234,SIM-PMT-R2-34,CUST016,16,2025-09-17,1013.94,USD,UPI,SystemX,2025-09-17T19:19:39.316Z,2025-09-17T19:19:39.316Z,34
1235,SIM-PMT-R2-35,CUST015,15,2025-09-17,299.80,USD,UPI,SystemX,2025-09-17T19:19:39.316Z,2025-09-17T19:19:39.316Z,35
1236,SIM-PMT-R2-36,CUST047,47,2025-09-17,2995.38,USD,UPI,SystemX,2025-09-17T19:19:39.316Z,2025-09-17T19:19:39.316Z,36
1237,SIM-PMT-R2-37,CUST044,44,2025-09-17,3420.07,USD,UPI,SystemX,2025-09-17T19:19:39.316Z,2025-09-17T19:19:39.316Z,37
1238,SIM-PMT-R2-38,CUST003,3,2025-09-17,181.28,USD,UPI,SystemX,2025-09-17T19:19:39.316Z,2025-09-17T19:19:39.316Z,38
1239,SIM-PMT-R2-39,CUST037,37,2025-09-17,2609.26,USD,UPI,SystemX,2025-09-17T19:19:39.316Z,2025-09-17T19:19:39.316Z,39
1240,SIM-PMT-R2-40,CUST007,7,2025-09-17,1209.83,USD,UPI,SystemX,2025-09-17T19:19:39.316Z,2025-09-17T19:19:39.316Z,40
1241,SIM-PMT-R2-41,CUST021,21,2025-09-17,3261.35,USD,UPI,SystemX,2025-09-17T19:19:39.316Z,2025-09-17T19:19:39.316Z,41
1242,SIM-PMT-R2-42,CUST009,9,2025-09-17,954.40,USD,UPI,SystemX,2025-09-17T19:19:39.316Z,2025-09-17T19:19:39.316Z,42
1243,SIM-PMT-R2-43,CUST039,39,2025-09-17,3485.59,USD,UPI,SystemX,2025-09-17T19:19:39.316Z,2025-09-17T19:19:39.316Z,43
1244,SIM-PMT-R2-44,CUST018,18,2025-09-17,1995.00,USD,UPI,SystemX,2025-09-17T19:19:39.316Z,2025-09-17T19:19:39.316Z,44
1245,SIM-PMT-R2-45,CUST004,4,2025-09-17,4689.98,USD,UPI,SystemX,2025-09-17T19:19:39.316Z,2025-09-17T19:19:39.316Z,45
1246,SIM-PMT-R2-46,CUST025,25,2025-09-17,773.85,USD,UPI,SystemX,2025-09-17T19:19:39.316Z,2025-09-17T19:19:39.316Z,46
1247,SIM-PMT-R2-47,CUST014,14,2025-09-17,1771.23,USD,UPI,SystemX,2025-09-17T19:19:39.316Z,2025-09-17T19:19:39.316Z,47
1248,SIM-PMT-R2-48,CUST050,50,2025-09-17,656.02,USD,UPI,SystemX,2025-09-17T19:19:39.316Z,2025-09-17T19:19:39.316Z,48
1249,SIM-PMT-R2-49,CUST009,9,2025-09-17,4631.00,USD,UPI,SystemX,2025-09-17T19:19:39.316Z,2025-09-17T19:19:39.316Z,49
1250,SIM-PMT-R2-50,CUST026,26,2025-09-17,4398.96,USD,UPI,SystemX,2025-09-17T19:19:39.316Z,2025-09-17T19:19:39.316Z,50
1301,SIM-PMT-R3-1,CUST039,39,2025-09-17,4720.26,USD,Card,SystemX,2025-09-17T19:19:50.568Z,2025-09-17T19:19:50.568Z,1
1302,SIM-PMT-R3-2,CUST029,29,2025-09-17,1683.69,USD,Card,SystemX,2025-09-17T19:19:50.568Z,2025-09-17T19:19:50.568Z,2
1303,SIM-PMT-R3-3,CUST015,15,2025-09-17,2642.07,USD,Card,SystemX,2025-09-17T19:19:50.568Z,2025-09-17T19:19:50.568Z,3
1304,SIM-PMT-R3-4,CUST043,43,2025-09-17,3544.79,USD,Card,SystemX,2025-09-17T19:19:50.568Z,2025-09-17T19:19:50.568Z,4
1305,SIM-PMT-R3-5,CUST008,8,2025-09-17,1881.79,USD,Card,SystemX,2025-09-17T19:19:50.568Z,2025-09-17T19:19:50.568Z,5
1306,SIM-PMT-R3-6,CUST021,21,2025-09-17,4861.73,USD,Card,SystemX,2025-09-17T19:19:50.568Z,2025-09-17T19:19:50.568Z,6
1307,SIM-PMT-R3-7,CUST039,39,2025-09-17,4815.99,USD,Card,SystemX,2025-09-17T19:19:50.568Z,2025-09-17T19:19:50.568Z,7
1308,SIM-PMT-R3-8,CUST019,19,2025-09-17,1333.73,USD,Card,SystemX,2025-09-17T19:19:50.568Z,2025-09-17T19:19:50.568Z,8
1309,SIM-PMT-R3-9,CUST023,23,2025-09-17,2536.52,USD,Card,SystemX,2025-09-17T19:19:50.568Z,2025-09-17T19:19:50.568Z,9
1310,SIM-PMT-R3-10,CUST011,11,2025-09-17,1574.30,USD,Card,SystemX,2025-09-17T19:19:50.568Z,2025-09-17T19:19:50.568Z,10
1311,SIM-PMT-R3-11,CUST011,11,2025-09-17,1495.72,USD,Card,SystemX,2025-09-17T19:19:50.568Z,2025-09-17T19:19:50.568Z,11
1312,SIM-PMT-R3-12,CUST024,24,2025-09-17,280.75,USD,Card,SystemX,2025-09-17T19:19:50.568Z,2025-09-17T19:19:50.568Z,12
1313,SIM-PMT-R3-13,CUST036,36,2025-09-17,3086.87,USD,Card,SystemX,2025-09-17T19:19:50.568Z,2025-09-17T19:19:50.568Z,13
1314,SIM-PMT-R3-14,CUST040,40,2025-09-17,2563.13,USD,Card,SystemX,2025-09-17T19:19:50.568Z,2025-09-17T19:19:50.568Z,14
1315,SIM-PMT-R3-15,CUST024,24,2025-09-17,352.25,USD,Card,SystemX,2025-09-17T19:19:50.568Z,2025-09-17T19:19:50.568Z,15
1316,SIM-PMT-R3-16,CUST003,3,2025-09-17,1465.37,USD,Card,SystemX,2025-09-17T19:19:50.568Z,2025-09-17T19:19:50.568Z,16
1317,SIM-PMT-R3-17,CUST022,22,2025-09-17,4550.50,USD,Card,SystemX,2025-09-17T19:19:50.568Z,2025-09-17T19:19:50.568Z,17
1318,SIM-PMT-R3-18,CUST002,2,2025-09-17,1273.85,USD,Card,SystemX,2025-09-17T19:19:50.568Z,2025-09-17T19:19:50.568Z,18
1319,SIM-PMT-R3-19,CUST024,24,2025-09-17,809.98,USD,Card,SystemX,2025-09-17T19:19:50.568Z,2025-09-17T19:19:50.568Z,19
1320,SIM-PMT-R3-20,CUST044,44,2025-09-17,2498.32,USD,Card,SystemX,2025-09-17T19:19:50.568Z,2025-09-17T19:19:50.568Z,20
1321,SIM-PMT-R3-21,CUST030,30,2025-09-17,4929.69,USD,Card,SystemX,2025-09-17T19:19:50.568Z,2025-09-17T19:19:50.568Z,21
1322,SIM-PMT-R3-22,CUST038,38,2025-09-17,1286.07,USD,Card,SystemX,2025-09-17T19:19:50.568Z,2025-09-17T19:19:50.568Z,22
1323,SIM-PMT-R3-23,CUST002,2,2025-09-17,3393.46,USD,Card,SystemX,2025-09-17T19:19:50.568Z,2025-09-17T19:19:50.568Z,23
1324,SIM-PMT-R3-24,CUST021,21,2025-09-17,3831.94,USD,Card,SystemX,2025-09-17T19:19:50.568Z,2025-09-17T19:19:50.568Z,24
1325,SIM-PMT-R3-25,CUST033,33,2025-09-17,1264.42,USD,Card,SystemX,2025-09-17T19:19:50.568Z,2025-09-17T19:19:50.568Z,25
1326,SIM-PMT-R3-26,CUST012,12,2025-09-17,3668.26,USD,Card,SystemX,2025-09-17T19:19:50.568Z,2025-09-17T19:19:50.568Z,26
1327,SIM-PMT-R3-27,CUST022,22,2025-09-17,1902.14,USD,Card,SystemX,2025-09-17T19:19:50.568Z,2025-09-17T19:19:50.568Z,27
1328,SIM-PMT-R3-28,CUST044,44,2025-09-17,3198.30,USD,Card,SystemX,2025-09-17T19:19:50.568Z,2025-09-17T19:19:50.568Z,28
1329,SIM-PMT-R3-29,CUST025,25,2025-09-17,3204.30,USD,Card,SystemX,2025-09-17T19:19:50.568Z,2025-09-17T19:19:50.568Z,29
1330,SIM-PMT-R3-30,CUST049,49,2025-09-17,2725.30,USD,Card,SystemX,2025-09-17T19:19:50.568Z,2025-09-17T19:19:50.568Z,30
1331,SIM-PMT-R3-31,CUST027,27,2025-09-17,542.42,USD,Card,SystemX,2025-09-17T19:19:50.568Z,2025-09-17T19:19:50.568Z,31
1332,SIM-PMT-R3-32,CUST042,42,2025-09-17,4192.98,USD,Card,SystemX,2025-09-17T19:19:50.568Z,2025-09-17T19:19:50.568Z,32
1333,SIM-PMT-R3-33,CUST028,28,2025-09-17,1671.82,USD,Card,SystemX,2025-09-17T19:19:50.568Z,2025-09-17T19:19:50.568Z,33
1334,SIM-PMT-R3-34,CUST016,16,2025-09-17,1013.94,USD,Card,SystemX,2025-09-17T19:19:50.568Z,2025-09-17T19:19:50.568Z,34
1335,SIM-PMT-R3-35,CUST015,15,2025-09-17,299.80,USD,Card,SystemX,2025-09-17T19:19:50.568Z,2025-09-17T19:19:50.568Z,35
1336,SIM-PMT-R3-36,CUST047,47,2025-09-17,2995.38,USD,Card,SystemX,2025-09-17T19:19:50.568Z,2025-09-17T19:19:50.568Z,36
1337,SIM-PMT-R3-37,CUST044,44,2025-09-17,3420.07,USD,Card,SystemX,2025-09-17T19:19:50.568Z,2025-09-17T19:19:50.568Z,37
1338,SIM-PMT-R3-38,CUST003,3,2025-09-17,181.28,USD,Card,SystemX,2025-09-17T19:19:50.568Z,2025-09-17T19:19:50.568Z,38
1339,SIM-PMT-R3-39,CUST037,37,2025-09-17,2609.26,USD,Card,SystemX,2025-09-17T19:19:50.568Z,2025-09-17T19:19:50.568Z,39
1340,SIM-PMT-R3-40,CUST007,7,2025-09-17,1209.83,USD,Card,SystemX,2025-09-17T19:19:50.568Z,2025-09-17T19:19:50.568Z,40
1341,SIM-PMT-R3-41,CUST021,21,2025-09-17,3261.35,USD,Card,SystemX,2025-09-17T19:19:50.568Z,2025-09-17T19:19:50.568Z,41
1342,SIM-PMT-R3-42,CUST009,9,2025-09-17,954.40,USD,Card,SystemX,2025-09-17T19:19:50.568Z,2025-09-17T19:19:50.568Z,42
1343,SIM-PMT-R3-43,CUST039,39,2025-09-17,3485.59,USD,Card,SystemX,2025-09-17T19:19:50.568Z,2025-09-17T19:19:50.568Z,43
1344,SIM-PMT-R3-44,CUST018,18,2025-09-17,1995.00,USD,Card,SystemX,2025-09-17T19:19:50.568Z,2025-09-17T19:19:50.568Z,44
1345,SIM-PMT-R3-45,CUST004,4,2025-09-17,4689.98,USD,Card,SystemX,2025-09-17T19:19:50.568Z,2025-09-17T19:19:50.568Z,45
1346,SIM-PMT-R3-46,CUST025,25,2025-09-17,773.85,USD,Card,SystemX,2025-09-17T19:19:50.568Z,2025-09-17T19:19:50.568Z,46
1347,SIM-PMT-R3-47,CUST014,14,2025-09-17,1771.23,USD,Card,SystemX,2025-09-17T19:19:50.568Z,2025-09-17T19:19:50.568Z,47
1348,SIM-PMT-R3-48,CUST050,50,2025-09-17,656.02,USD,Card,SystemX,2025-09-17T19:19:50.568Z,2025-09-17T19:19:50.568Z,48
1349,SIM-PMT-R3-49,CUST009,9,2025-09-17,4631.00,USD,Card,SystemX,2025-09-17T19:19:50.568Z,2025-09-17T19:19:50.568Z,49
1350,SIM-PMT-R3-50,CUST026,26,2025-09-17,4398.96,USD,Card,SystemX,2025-09-17T19:19:50.568Z,2025-09-17T19:19:50.568Z,50
1351,SIM-PMT-R3-51,CUST002,2,2025-09-17,1363.91,USD,Card,SystemX,2025-09-17T19:19:50.568Z,2025-09-17T19:19:50.568Z,51
1352,SIM-PMT-R3-52,CUST020,20,2025-09-17,3333.92,USD,Card,SystemX,2025-09-17T19:19:50.568Z,2025-09-17T19:19:50.568Z,52
1353,SIM-PMT-R3-53,CUST028,28,2025-09-17,4104.39,USD,Card,SystemX,2025-09-17T19:19:50.568Z,2025-09-17T19:19:50.568Z,53
1354,SIM-PMT-R3-54,CUST047,47,2025-09-17,2820.48,USD,Card,SystemX,2025-09-17T19:19:50.568Z,2025-09-17T19:19:50.568Z,54
1355,SIM-PMT-R3-55,CUST007,7,2025-09-17,2695.29,USD,Card,SystemX,2025-09-17T19:19:50.568Z,2025-09-17T19:19:50.568Z,55
1356,SIM-PMT-R3-56,CUST044,44,2025-09-17,1285.08,USD,Card,SystemX,2025-09-17T19:19:50.568Z,2025-09-17T19:19:50.568Z,56
1357,SIM-PMT-R3-57,CUST008,8,2025-09-17,556.20,USD,Card,SystemX,2025-09-17T19:19:50.568Z,2025-09-17T19:19:50.568Z,57
1358,SIM-PMT-R3-58,CUST047,47,2025-09-17,4496.36,USD,Card,SystemX,2025-09-17T19:19:50.568Z,2025-09-17T19:19:50.568Z,58
1359,SIM-PMT-R3-59,CUST035,35,2025-09-17,4512.05,USD,Card,SystemX,2025-09-17T19:19:50.568Z,2025-09-17T19:19:50.568Z,59
1360,SIM-PMT-R3-60,CUST014,14,2025-09-17,3202.20,USD,Card,SystemX,2025-09-17T19:19:50.568Z,2025-09-17T19:19:50.568Z,60
1361,SIM-PMT-R3-61,CUST017,17,2025-09-17,1761.25,USD,Card,SystemX,2025-09-17T19:19:50.568Z,2025-09-17T19:19:50.568Z,61
1362,SIM-PMT-R3-62,CUST036,36,2025-09-17,1811.13,USD,Card,SystemX,2025-09-17T19:19:50.568Z,2025-09-17T19:19:50.568Z,62
1363,SIM-PMT-R3-63,CUST050,50,2025-09-17,3657.18,USD,Card,SystemX,2025-09-17T19:19:50.568Z,2025-09-17T19:19:50.568Z,63
1364,SIM-PMT-R3-64,CUST040,40,2025-09-17,4495.84,USD,Card,SystemX,2025-09-17T19:19:50.568Z,2025-09-17T19:19:50.568Z,64
1365,SIM-PMT-R3-65,CUST004,4,2025-09-17,4446.72,USD,Card,SystemX,2025-09-17T19:19:50.568Z,2025-09-17T19:19:50.568Z,65
1366,SIM-PMT-R3-66,CUST002,2,2025-09-17,3921.39,USD,Card,SystemX,2025-09-17T19:19:50.568Z,2025-09-17T19:19:50.568Z,66
1367,SIM-PMT-R3-67,CUST006,6,2025-09-17,3245.96,USD,Card,SystemX,2025-09-17T19:19:50.568Z,2025-09-17T19:19:50.568Z,67
1368,SIM-PMT-R3-68,CUST042,42,2025-09-17,512.29,USD,Card,SystemX,2025-09-17T19:19:50.568Z,2025-09-17T19:19:50.568Z,68
1369,SIM-PMT-R3-69,CUST004,4,2025-09-17,891.98,USD,Card,SystemX,2025-09-17T19:19:50.568Z,2025-09-17T19:19:50.568Z,69
1370,SIM-PMT-R3-70,CUST029,29,2025-09-17,4502.92,USD,Card,SystemX,2025-09-17T19:19:50.568Z,2025-09-17T19:19:50.568Z,70
1371,SIM-PMT-R3-71,CUST018,18,2025-09-17,3071.50,USD,Card,SystemX,2025-09-17T19:19:50.568Z,2025-09-17T19:19:50.568Z,71
1372,SIM-PMT-R3-72,CUST026,26,2025-09-17,145.07,USD,Card,SystemX,2025-09-17T19:19:50.568Z,2025-09-17T19:19:50.568Z,72
1373,SIM-PMT-R3-73,CUST044,44,2025-09-17,597.21,USD,Card,SystemX,2025-09-17T19:19:50.568Z,2025-09-17T19:19:50.568Z,73
1374,SIM-PMT-R3-74,CUST034,34,2025-09-17,3351.16,USD,Card,SystemX,2025-09-17T19:19:50.568Z,2025-09-17T19:19:50.568Z,74
1375,SIM-PMT-R3-75,CUST010,10,2025-09-17,124.80,USD,Card,SystemX,2025-09-17T19:19:50.568Z,2025-09-17T19:19:50.568Z,75
1376,SIM-PMT-R3-76,CUST036,36,2025-09-17,887.96,USD,Card,SystemX,2025-09-17T19:19:50.568Z,2025-09-17T19:19:50.568Z,76
1377,SIM-PMT-R3-77,CUST014,14,2025-09-17,2788.80,USD,Card,SystemX,2025-09-17T19:19:50.568Z,2025-09-17T19:19:50.568Z,77
1378,SIM-PMT-R3-78,CUST031,31,2025-09-17,3490.29,USD,Card,SystemX,2025-09-17T19:19:50.568Z,2025-09-17T19:19:50.568Z,78
1379,SIM-PMT-R3-79,CUST048,48,2025-09-17,3294.61,USD,Card,SystemX,2025-09-17T19:19:50.568Z,2025-09-17T19:19:50.568Z,79
1380,SIM-PMT-R3-80,CUST015,15,2025-09-17,1198.92,USD,Card,SystemX,2025-09-17T19:19:50.568Z,2025-09-17T19:19:50.568Z,80
1381,SIM-PMT-R3-81,CUST008,8,2025-09-17,3589.68,USD,Card,SystemX,2025-09-17T19:19:50.568Z,2025-09-17T19:19:50.568Z,81
1382,SIM-PMT-R3-82,CUST014,14,2025-09-17,1262.52,USD,Card,SystemX,2025-09-17T19:19:50.568Z,2025-09-17T19:19:50.568Z,82
1383,SIM-PMT-R3-83,CUST023,23,2025-09-17,1694.46,USD,Card,SystemX,2025-09-17T19:19:50.568Z,2025-09-17T19:19:50.568Z,83
1384,SIM-PMT-R3-84,CUST040,40,2025-09-17,3757.81,USD,Card,SystemX,2025-09-17T19:19:50.568Z,2025-09-17T19:19:50.568Z,84
1385,SIM-PMT-R3-85,CUST021,21,2025-09-17,3283.20,USD,Card,SystemX,2025-09-17T19:19:50.568Z,2025-09-17T19:19:50.568Z,85
1386,SIM-PMT-R3-86,CUST016,16,2025-09-17,4261.19,USD,Card,SystemX,2025-09-17T19:19:50.568Z,2025-09-17T19:19:50.568Z,86
1387,SIM-PMT-R3-87,CUST045,45,2025-09-17,3322.30,USD,Card,SystemX,2025-09-17T19:19:50.568Z,2025-09-17T19:19:50.568Z,87
1388,SIM-PMT-R3-88,CUST018,18,2025-09-17,2884.71,USD,Card,SystemX,2025-09-17T19:19:50.568Z,2025-09-17T19:19:50.568Z,88
1389,SIM-PMT-R3-89,CUST047,47,2025-09-17,559.01,USD,Card,SystemX,2025-09-17T19:19:50.568Z,2025-09-17T19:19:50.568Z,89
1390,SIM-PMT-R3-90,CUST024,24,2025-09-17,1901.81,USD,Card,SystemX,2025-09-17T19:19:50.568Z,2025-09-17T19:19:50.568Z,90
1391,SIM-PMT-R3-91,CUST026,26,2025-09-17,1399.49,USD,Card,SystemX,2025-09-17T19:19:50.568Z,2025-09-17T19:19:50.568Z,91
1392,SIM-PMT-R3-92,CUST025,25,2025-09-17,1295.55,USD,Card,SystemX,2025-09-17T19:19:50.568Z,2025-09-17T19:19:50.568Z,92
1393,SIM-PMT-R3-93,CUST045,45,2025-09-17,4867.75,USD,Card,SystemX,2025-09-17T19:19:50.568Z,2025-09-17T19:19:50.568Z,93
1394,SIM-PMT-R3-94,CUST041,41,2025-09-17,2026.18,USD,Card,SystemX,2025-09-17T19:19:50.568Z,2025-09-17T19:19:50.568Z,94
1395,SIM-PMT-R3-95,CUST029,29,2025-09-17,4471.03,USD,Card,SystemX,2025-09-17T19:19:50.568Z,2025-09-17T19:19:50.568Z,95
1396,SIM-PMT-R3-96,CUST015,15,2025-09-17,3192.58,USD,Card,SystemX,2025-09-17T19:19:50.568Z,2025-09-17T19:19:50.568Z,96
1397,SIM-PMT-R3-97,CUST045,45,2025-09-17,3994.58,USD,Card,SystemX,2025-09-17T19:19:50.568Z,2025-09-17T19:19:50.568Z,97
1398,SIM-PMT-R3-98,CUST001,1,2025-09-17,2562.92,USD,Card,SystemX,2025-09-17T19:19:50.568Z,2025-09-17T19:19:50.568Z,98
1399,SIM-PMT-R3-99,CUST025,25,2025-09-17,2926.83,USD,Card,SystemX,2025-09-17T19:19:50.568Z,2025-09-17T19:19:50.568Z,99
1400,SIM-PMT-R3-100,CUST007,7,2025-09-17,2513.34,USD,Card,SystemX,2025-09-17T19:19:50.568Z,2025-09-17T19:19:50.568Z,100
